issue,reviews,avg_negativity,recent,earlier,share_pct,priority_score,level,recent_pct,earlier_pct,emerging,example
Other / uncategorized,250,0.8,117,133,36.9,200.0,n/a,36.90851735015773,36.94444444444444,False,this app sucks it is constantly shutting down for no reason.
Ads,203,0.81,96,107,30.0,164.4,CRITICAL,30.28391167192429,29.72222222222222,False,I hate it thanks for infinity ads. Hope founeder will find his happiness in hell
Pricing and subscription,100,0.84,36,64,14.8,84.0,MEDIUM,11.35646687697161,17.77777777777778,False,"I hate this, its too much. To even use anything you need to pay for it, its just retarded. yall make enough money from a"
Playback and downloads,83,0.84,40,43,12.3,69.7,MEDIUM,12.618296529968454,11.944444444444445,False,"I hate this, its too much. To even use anything you need to pay for it, its just retarded. yall make enough money from a"
Update and UI changes,72,0.85,31,41,10.6,61.2,MEDIUM,9.779179810725552,11.38888888888889,False,F***ing awful UI. The layout is constantly changing and never for the better. Why has it been so bad for so long???
Crashes and bugs,67,0.85,36,31,9.9,57.0,MEDIUM,11.35646687697161,8.61111111111111,True,this app sucks. it has so many bugs I don't even know where to begin. IT JUST SHUTS OFF! that's it. I cannot listen to m
Shuffle and queue,55,0.81,25,30,8.1,44.6,MEDIUM,7.886435331230284,8.333333333333332,False,when?! are u gonna fix that DJ X? ITS HORRIBLE!! JUST playing the same songs over and over from my playlists. *** last d
Search and recommendations,47,0.86,24,23,6.9,40.4,MEDIUM,7.570977917981073,6.388888888888888,False,"This app is so slow. Not only does it take nearly 2 minutes for the home screen to appear, I waited on a search for over"
Login and account,37,0.84,27,10,5.5,31.1,MEDIUM,8.517350157728707,2.7777777777777777,True,new review because it still sucks. I pay $11 a month and it crashes. I have to log in and relog in. uninstall and reinst
Slow performance and battery,25,0.88,13,12,3.7,22.0,LOW,4.100946372239748,3.3333333333333335,False,"This app is so slow. Not only does it take nearly 2 minutes for the home screen to appear, I waited on a search for over"
Audio quality,27,0.81,11,16,4.0,21.9,LOW,3.4700315457413247,4.444444444444445,False,"Just when you thought Spotify couldn't get any more laggy, it does! The app has become so slow (tap on a song and get a "
Privacy,4,0.87,2,2,0.6,3.5,LOW,0.6309148264984227,0.5555555555555556,False,you select your tone and spotify goes off and changes it to some pretty horrible and disgusting sounds even though selec
